{
  "reference_angle": 92.04774518730683,
  "current_angle": 0.0,
  "relative_rotation": -92.04774518730682,
  "direction": "Clockwise",
  "confidence": 0.6797663648866433
}